dhw.per.degC,dhw.per.degC.se
7.833401356511684,0.4337719457589037
