dhw.per.degC,dhw.per.degC.se
6.229797931197413,0.5118447725443842
