dhw.per.degC,dhw.per.degC.se
9.343395650396467,0.08485486946420925
