dhw.per.degC,dhw.per.degC.se
7.677363620755411,0.4180921687938007
