dhw.per.degC,dhw.per.degC.se
9.343395650481655,0.08485486950347174
