dhw.per.degC,dhw.per.degC.se
8.611550799554212,0.08555015548430514
