dhw.per.degC,dhw.per.degC.se
9.965783150306677,0.07037901468048245
