dhw.per.degC,dhw.per.degC.se
7.913601212301296,0.4496013429894384
