Species,med,lo,hi,se,w
SRAD,0.5100842772312603,0.30216903425661046,0.8223788336604849,0.26010489970193723,14.780969930387014
PSTR,0.433614081215837,0.2768988619694569,0.5635481111244831,0.1433246245775131,48.680874837153404
SOLE,0.27134075871627483,0.11867690854963416,0.4308039722253531,0.15606353183785948,41.05793830370546
ORBI,0.20767299729127875,0.13653939174957752,0.2831212330831488,0.07329092066678564,186.16569049784823
SINT,0.17137405922003385,0.09102616469414454,0.26862036996730587,0.08879710263658067,126.82428109614166
CNAT,0.323677132176994,0.16605545703298133,0.43494931466402764,0.13444692881552317,55.32204529641708
DLAB,0.26216436551869726,0.1731108173966191,0.39097830138860185,0.10893374199599137,84.2704193767855
PAST,0.14887365835651484,0.05351084951536527,0.27604006941507087,0.1112646099498528,80.77666160908146
DSTO,0.049201350302487096,0.027929327080770734,0.0703634767554905,0.021217074837359882,2221.411334745373
