Species,med,lo,hi,se,w
SRAD,0.5145289445655058,0.3027085811746338,0.8242169638071706,0.2607541913162684,14.707450796804538
PSTR,0.42782697491532906,0.27625546265937523,0.5734171593662041,0.14858084835341442,45.29751031596904
SOLE,0.27977690838944824,0.12093869556898931,0.43632078451175904,0.15769104447138488,40.21480253152816
ORBI,0.21097440451807115,0.13913775065485254,0.29503898796182454,0.077950618653486,164.57386453200206
SINT,0.1735202390933221,0.09007303997119741,0.2752962563572708,0.09261160819303668,116.59210639412758
CNAT,0.3181375593772976,0.15421487662766373,0.4452899184626745,0.14553752091750538,47.21174516067207
DLAB,0.26832494620646297,0.17501091007948344,0.3921979844374124,0.10859353717896447,84.79925582844949
PAST,0.1440953877040798,0.04884552069078499,0.27162484796567893,0.11138966363744697,80.59539256126416
DSTO,0.048033246718516956,0.02923571962697674,0.07109368988786006,0.02092898513044166,2282.9881703736687
