year,diff2014
2014,0
2015,-0.8463658919582677
2023,1.0378060880578985
2024,0.3247437288146191
