year,diff2014
2014,0
2015,-0.6734828699408926
2023,1.4269533337747315
2024,0.5970230347219019
