year,diff2014
2014,0
2015,-0.12985063188394186
2023,1.7748064746766197
2024,2.529911382604208
