year,diff2014
2014,0
2015,-0.26652438251382726
2023,3.0859818122460148
2024,2.7083699925755926
