year,diff2014,slopetouse
2014,0,8.611550799554212
2015,-0.12985063188394186,8.48170016767027
2023,1.9046571065605615,10.516207906114774
2024,0.7551049079275884,9.3666557074818
